[{"model": "contenttypes.contenttype", "pk": 1, "fields": {"app_label": "admin", "model": "logentry"}}, {"model": "contenttypes.contenttype", "pk": 2, "fields": {"app_label": "auth", "model": "permission"}}, {"model": "contenttypes.contenttype", "pk": 3, "fields": {"app_label": "auth", "model": "group"}}, {"model": "contenttypes.contenttype", "pk": 4, "fields": {"app_label": "auth", "model": "user"}}, {"model": "contenttypes.contenttype", "pk": 5, "fields": {"app_label": "contenttypes", "model": "contenttype"}}, {"model": "contenttypes.contenttype", "pk": 6, "fields": {"app_label": "sessions", "model": "session"}}, {"model": "contenttypes.contenttype", "pk": 7, "fields": {"app_label": "tweets", "model": "tweet"}}, {"model": "contenttypes.contenttype", "pk": 8, "fields": {"app_label": "accounts", "model": "userprofile"}}, {"model": "contenttypes.contenttype", "pk": 9, "fields": {"app_label": "hashtags", "model": "hashtag"}}, {"model": "sessions.session", "pk": "olj2yaulcebreqshd1xncs6wkyisxoof", "fields": {"session_data": "MmRjYmQxMzUyOWY2YWYwZDdmNzA0ZmRjNThhNzNjYWQwZDQzOTE2MDp7Il9hdXRoX3VzZXJfaWQiOiI3IiwiX2F1dGhfdXNlcl9oYXNoIjoiOTBlOThjNWU2MTBkZWMxY2ZkZmMxMWVmOWFlZGYzMjY2OTVhZDE0OCIsIl9hdXRoX3VzZXJfYmFja2VuZCI6ImRqYW5nby5jb250cmliLmF1dGguYmFja2VuZHMuTW9kZWxCYWNrZW5kIn0=", "expire_date": "2016-12-20T21:29:52.568Z"}}, {"model": "hashtags.hashtag", "pk": 1, "fields": {"tag": "anytime", "timestamp": "2016-12-01T20:54:12.303Z"}}, {"model": "hashtags.hashtag", "pk": 2, "fields": {"tag": "hashtag", "timestamp": "2016-12-01T20:54:19.007Z"}}, {"model": "hashtags.hashtag", "pk": 3, "fields": {"tag": "another", "timestamp": "2016-12-01T20:54:25.226Z"}}, {"model": "hashtags.hashtag", "pk": 4, "fields": {"tag": "yet", "timestamp": "2016-12-01T20:54:31.681Z"}}, {"model": "hashtags.hashtag", "pk": 5, "fields": {"tag": "this", "timestamp": "2016-12-01T22:51:35.457Z"}}, {"model": "hashtags.hashtag", "pk": 6, "fields": {"tag": "is", "timestamp": "2016-12-01T22:51:35.459Z"}}, {"model": "hashtags.hashtag", "pk": 7, "fields": {"tag": "awesome", "timestamp": "2016-12-01T22:51:35.460Z"}}, {"model": "hashtags.hashtag", "pk": 8, "fields": {"tag": "new", "timestamp": "2016-12-01T22:51:59.739Z"}}, {"model": "hashtags.hashtag", "pk": 9, "fields": {"tag": "set", "timestamp": "2016-12-01T22:51:59.740Z"}}, {"model": "hashtags.hashtag", "pk": 10, "fields": {"tag": "of", "timestamp": "2016-12-01T22:51:59.742Z"}}, {"model": "hashtags.hashtag", "pk": 11, "fields": {"tag": "hashtags", "timestamp": "2016-12-01T22:51:59.743Z"}}, {"model": "hashtags.hashtag", "pk": 12, "fields": {"tag": "hi", "timestamp": "2016-12-02T23:36:37.226Z"}}, {"model": "hashtags.hashtag", "pk": 13, "fields": {"tag": "nother", "timestamp": "2016-12-02T23:47:04.143Z"}}, {"model": "hashtags.hashtag", "pk": 14, "fields": {"tag": "tag", "timestamp": "2016-12-02T23:47:04.144Z"}}, {"model": "hashtags.hashtag", "pk": 15, "fields": {"tag": "cool", "timestamp": "2016-12-02T23:47:04.145Z"}}, {"model": "auth.permission", "pk": 1, "fields": {"name": "Can add log entry", "content_type": 1, "codename": "add_logentry"}}, {"model": "auth.permission", "pk": 2, "fields": {"name": "Can change log entry", "content_type": 1, "codename": "change_logentry"}}, {"model": "auth.permission", "pk": 3, "fields": {"name": "Can delete log entry", "content_type": 1, "codename": "delete_logentry"}}, {"model": "auth.permission", "pk": 4, "fields": {"name": "Can add permission", "content_type": 2, "codename": "add_permission"}}, {"model": "auth.permission", "pk": 5, "fields": {"name": "Can change permission", "content_type": 2, "codename": "change_permission"}}, {"model": "auth.permission", "pk": 6, "fields": {"name": "Can delete permission", "content_type": 2, "codename": "delete_permission"}}, {"model": "auth.permission", "pk": 7, "fields": {"name": "Can add group", "content_type": 3, "codename": "add_group"}}, {"model": "auth.permission", "pk": 8, "fields": {"name": "Can change group", "content_type": 3, "codename": "change_group"}}, {"model": "auth.permission", "pk": 9, "fields": {"name": "Can delete group", "content_type": 3, "codename": "delete_group"}}, {"model": "auth.permission", "pk": 10, "fields": {"name": "Can add user", "content_type": 4, "codename": "add_user"}}, {"model": "auth.permission", "pk": 11, "fields": {"name": "Can change user", "content_type": 4, "codename": "change_user"}}, {"model": "auth.permission", "pk": 12, "fields": {"name": "Can delete user", "content_type": 4, "codename": "delete_user"}}, {"model": "auth.permission", "pk": 13, "fields": {"name": "Can add content type", "content_type": 5, "codename": "add_contenttype"}}, {"model": "auth.permission", "pk": 14, "fields": {"name": "Can change content type", "content_type": 5, "codename": "change_contenttype"}}, {"model": "auth.permission", "pk": 15, "fields": {"name": "Can delete content type", "content_type": 5, "codename": "delete_contenttype"}}, {"model": "auth.permission", "pk": 16, "fields": {"name": "Can add session", "content_type": 6, "codename": "add_session"}}, {"model": "auth.permission", "pk": 17, "fields": {"name": "Can change session", "content_type": 6, "codename": "change_session"}}, {"model": "auth.permission", "pk": 18, "fields": {"name": "Can delete session", "content_type": 6, "codename": "delete_session"}}, {"model": "auth.permission", "pk": 19, "fields": {"name": "Can add tweet", "content_type": 7, "codename": "add_tweet"}}, {"model": "auth.permission", "pk": 20, "fields": {"name": "Can change tweet", "content_type": 7, "codename": "change_tweet"}}, {"model": "auth.permission", "pk": 21, "fields": {"name": "Can delete tweet", "content_type": 7, "codename": "delete_tweet"}}, {"model": "auth.permission", "pk": 22, "fields": {"name": "Can add user profile", "content_type": 8, "codename": "add_userprofile"}}, {"model": "auth.permission", "pk": 23, "fields": {"name": "Can change user profile", "content_type": 8, "codename": "change_userprofile"}}, {"model": "auth.permission", "pk": 24, "fields": {"name": "Can delete user profile", "content_type": 8, "codename": "delete_userprofile"}}, {"model": "auth.permission", "pk": 25, "fields": {"name": "Can add hash tag", "content_type": 9, "codename": "add_hashtag"}}, {"model": "auth.permission", "pk": 26, "fields": {"name": "Can change hash tag", "content_type": 9, "codename": "change_hashtag"}}, {"model": "auth.permission", "pk": 27, "fields": {"name": "Can delete hash tag", "content_type": 9, "codename": "delete_hashtag"}}, {"model": "auth.permission", "pk": 28, "fields": {"name": "Can view log entry", "content_type": 1, "codename": "view_logentry"}}, {"model": "auth.permission", "pk": 29, "fields": {"name": "Can view permission", "content_type": 2, "codename": "view_permission"}}, {"model": "auth.permission", "pk": 30, "fields": {"name": "Can view group", "content_type": 3, "codename": "view_group"}}, {"model": "auth.permission", "pk": 31, "fields": {"name": "Can view user", "content_type": 4, "codename": "view_user"}}, {"model": "auth.permission", "pk": 32, "fields": {"name": "Can view content type", "content_type": 5, "codename": "view_contenttype"}}, {"model": "auth.permission", "pk": 33, "fields": {"name": "Can view session", "content_type": 6, "codename": "view_session"}}, {"model": "auth.permission", "pk": 34, "fields": {"name": "Can view user profile", "content_type": 8, "codename": "view_userprofile"}}, {"model": "auth.permission", "pk": 35, "fields": {"name": "Can view hash tag", "content_type": 9, "codename": "view_hashtag"}}, {"model": "auth.permission", "pk": 36, "fields": {"name": "Can view tweet", "content_type": 7, "codename": "view_tweet"}}, {"model": "auth.user", "pk": 1, "fields": {"password": "pbkdf2_sha256$30000$COOauEFVJwOZ$/krSQX6OIfmve8J42l56szrJqfVNe/CDhGix77DBodY=", "last_login": "2016-11-28T23:22:06Z", "is_superuser": true, "username": "cfe", "first_name": "Justin", "last_name": "Mitchel", "email": "hello@teamcfe.com", "is_staff": true, "is_active": true, "date_joined": "2016-11-28T23:21:11Z", "groups": [], "user_permissions": []}}, {"model": "auth.user", "pk": 2, "fields": {"password": "pbkdf2_sha256$30000$7QmPj4fcrfWo$nLXBFTU1APnTseYAVGHtsppesPFbx0B5ePu8CblWYG8=", "last_login": null, "is_superuser": false, "username": "abc", "first_name": "", "last_name": "", "email": "", "is_staff": false, "is_active": true, "date_joined": "2016-11-30T00:07:45Z", "groups": [], "user_permissions": []}}, {"model": "auth.user", "pk": 3, "fields": {"password": "pbkdf2_sha256$30000$WPWFNd571a4m$iStkLx51mWSgEXxjffbvwDcsxfrgKUEN9LmgeRbFJ/Y=", "last_login": null, "is_superuser": false, "username": "john.doe", "first_name": "", "last_name": "", "email": "", "is_staff": false, "is_active": true, "date_joined": "2016-12-01T01:49:15.771Z", "groups": [], "user_permissions": []}}, {"model": "auth.user", "pk": 4, "fields": {"password": "pbkdf2_sha256$30000$bvPa37HIKdW0$idJOeQyJIGhVJ1KCucB69CDrTLl937hGARgIwTYx7Fk=", "last_login": null, "is_superuser": false, "username": "anothernew_user", "first_name": "", "last_name": "", "email": "", "is_staff": false, "is_active": true, "date_joined": "2016-12-01T19:12:16.132Z", "groups": [], "user_permissions": []}}, {"model": "auth.user", "pk": 5, "fields": {"password": "pbkdf2_sha256$30000$m3zizAcScM71$0p31cZFwQVXeyaPo4Bn/oTyneckuDnd4PcIb57NOVCE=", "last_login": null, "is_superuser": false, "username": "abc123", "first_name": "", "last_name": "", "email": "abc@gmail.com", "is_staff": false, "is_active": true, "date_joined": "2016-12-06T21:10:56.624Z", "groups": [], "user_permissions": []}}, {"model": "auth.user", "pk": 6, "fields": {"password": "pbkdf2_sha256$30000$ept3wTErM3jG$XM0A+THrxDNkIe5zKVIV1u5esvZCNR4vMMJJo7QFboQ=", "last_login": "2016-12-06T21:23:45.792Z", "is_superuser": false, "username": "abc1234", "first_name": "", "last_name": "", "email": "abc123@gmail.com", "is_staff": false, "is_active": true, "date_joined": "2016-12-06T21:11:33.581Z", "groups": [], "user_permissions": []}}, {"model": "auth.user", "pk": 7, "fields": {"password": "pbkdf2_sha256$30000$XbZaQfCc9oMK$5xjmTYji8rJV9B6kX1DSNwAo3XfHRt1g9hlQfI/mAGA=", "last_login": "2016-12-06T21:29:52.566Z", "is_superuser": true, "username": "jmitchel3", "first_name": "", "last_name": "", "email": "", "is_staff": true, "is_active": true, "date_joined": "2016-12-06T21:25:33.426Z", "groups": [], "user_permissions": []}}, {"model": "auth.user", "pk": 8, "fields": {"password": "pbkdf2_sha256$30000$UaWFqGuZCEFr$qQ2gxwvuVx49iv5W/XmB3ooqBpge9SbjwHviW8mrSZg=", "last_login": null, "is_superuser": false, "username": "asdf", "first_name": "", "last_name": "", "email": "asdfdas@gadfads.com", "is_staff": false, "is_active": true, "date_joined": "2016-12-06T21:29:35.233Z", "groups": [], "user_permissions": []}}, {"model": "accounts.userprofile", "pk": 1, "fields": {"user": 1, "following": [1, 2]}}, {"model": "accounts.userprofile", "pk": 2, "fields": {"user": 3, "following": [1, 2, 3]}}, {"model": "accounts.userprofile", "pk": 3, "fields": {"user": 4, "following": []}}, {"model": "accounts.userprofile", "pk": 4, "fields": {"user": 2, "following": []}}, {"model": "accounts.userprofile", "pk": 5, "fields": {"user": 5, "following": []}}, {"model": "accounts.userprofile", "pk": 6, "fields": {"user": 6, "following": [1, 3, 5]}}, {"model": "accounts.userprofile", "pk": 7, "fields": {"user": 7, "following": [1]}}, {"model": "accounts.userprofile", "pk": 8, "fields": {"user": 8, "following": []}}, {"model": "tweets.tweet", "pk": 256, "fields": {"parent": null, "user": 1, "content": "1", "reply": false, "updated": "2016-12-02T22:34:29.466Z", "timestamp": "2016-12-02T22:34:29.466Z", "liked": []}}, {"model": "tweets.tweet", "pk": 257, "fields": {"parent": 256, "user": 1, "content": "@cfe 2", "reply": true, "updated": "2016-12-02T22:34:32.712Z", "timestamp": "2016-12-02T22:34:32.712Z", "liked": []}}, {"model": "tweets.tweet", "pk": 258, "fields": {"parent": 256, "user": 1, "content": "@cfe 3", "reply": true, "updated": "2016-12-02T22:34:35.316Z", "timestamp": "2016-12-02T22:34:35.316Z", "liked": []}}, {"model": "tweets.tweet", "pk": 259, "fields": {"parent": null, "user": 1, "content": "another nasfdas", "reply": false, "updated": "2016-12-02T22:43:23.856Z", "timestamp": "2016-12-02T22:43:23.856Z", "liked": []}}, {"model": "tweets.tweet", "pk": 260, "fields": {"parent": 259, "user": 1, "content": "@cfe new here!", "reply": true, "updated": "2016-12-02T22:43:27.568Z", "timestamp": "2016-12-02T22:43:27.568Z", "liked": []}}, {"model": "tweets.tweet", "pk": 261, "fields": {"parent": 259, "user": 1, "content": "@cfe new here!", "reply": false, "updated": "2016-12-02T23:17:50.465Z", "timestamp": "2016-12-02T23:17:50.465Z", "liked": []}}, {"model": "tweets.tweet", "pk": 262, "fields": {"parent": 256, "user": 1, "content": "1", "reply": false, "updated": "2016-12-02T23:18:01.913Z", "timestamp": "2016-12-02T23:18:01.913Z", "liked": []}}, {"model": "tweets.tweet", "pk": 263, "fields": {"parent": null, "user": 1, "content": "asdfasfddas", "reply": false, "updated": "2016-12-02T23:19:05.733Z", "timestamp": "2016-12-02T23:19:05.733Z", "liked": []}}, {"model": "tweets.tweet", "pk": 264, "fields": {"parent": 263, "user": 1, "content": "asdfasfddas", "reply": false, "updated": "2016-12-02T23:19:06.814Z", "timestamp": "2016-12-02T23:19:06.814Z", "liked": []}}, {"model": "tweets.tweet", "pk": 265, "fields": {"parent": null, "user": 2, "content": "a tweet", "reply": false, "updated": "2016-12-02T23:32:18.253Z", "timestamp": "2016-12-02T23:32:18.253Z", "liked": []}}, {"model": "tweets.tweet", "pk": 266, "fields": {"parent": null, "user": 4, "content": "asdfasdfsa stuff", "reply": false, "updated": "2016-12-02T23:32:24.989Z", "timestamp": "2016-12-02T23:32:24.990Z", "liked": []}}, {"model": "tweets.tweet", "pk": 267, "fields": {"parent": null, "user": 1, "content": "#hi there!", "reply": false, "updated": "2016-12-02T23:36:37.223Z", "timestamp": "2016-12-02T23:36:37.223Z", "liked": []}}, {"model": "tweets.tweet", "pk": 268, "fields": {"parent": null, "user": 1, "content": "#new item here", "reply": false, "updated": "2016-12-02T23:46:54.264Z", "timestamp": "2016-12-02T23:46:54.264Z", "liked": []}}, {"model": "tweets.tweet", "pk": 269, "fields": {"parent": null, "user": 1, "content": "anotehr #nother #tag is #cool", "reply": false, "updated": "2016-12-02T23:47:04.141Z", "timestamp": "2016-12-02T23:47:04.141Z", "liked": []}}, {"model": "tweets.tweet", "pk": 270, "fields": {"parent": null, "user": 1, "content": "@cfe", "reply": false, "updated": "2016-12-02T23:47:22.915Z", "timestamp": "2016-12-02T23:47:22.915Z", "liked": []}}, {"model": "tweets.tweet", "pk": 271, "fields": {"parent": null, "user": 6, "content": "new tweet!", "reply": false, "updated": "2016-12-06T21:11:55.613Z", "timestamp": "2016-12-06T21:11:55.613Z", "liked": []}}, {"model": "tweets.tweet", "pk": 272, "fields": {"parent": 271, "user": 6, "content": "new tweet!", "reply": false, "updated": "2016-12-06T21:13:44.624Z", "timestamp": "2016-12-06T21:13:44.624Z", "liked": []}}, {"model": "tweets.tweet", "pk": 273, "fields": {"parent": 270, "user": 6, "content": "@cfe", "reply": false, "updated": "2016-12-06T21:13:49.690Z", "timestamp": "2016-12-06T21:13:49.690Z", "liked": []}}, {"model": "tweets.tweet", "pk": 274, "fields": {"parent": null, "user": 7, "content": "New message", "reply": false, "updated": "2016-12-06T21:26:56.597Z", "timestamp": "2016-12-06T21:26:56.597Z", "liked": [7]}}, {"model": "tweets.tweet", "pk": 275, "fields": {"parent": 274, "user": 7, "content": "@jmitchel3 hello there buddy!", "reply": true, "updated": "2016-12-06T21:27:15.512Z", "timestamp": "2016-12-06T21:27:15.512Z", "liked": [7]}}, {"model": "tweets.tweet", "pk": 276, "fields": {"parent": 274, "user": 7, "content": "New message", "reply": false, "updated": "2016-12-06T21:27:28.985Z", "timestamp": "2016-12-06T21:27:28.985Z", "liked": []}}, {"model": "tweets.tweet", "pk": 277, "fields": {"parent": null, "user": 7, "content": "adsfasd fasdfasdf asdfadsfasd fasdfasdf asdfadsfasd fasdfasdf asdfadsfasd fasdfasdf asdfadsfasd fasdfasdf asdfadsfasd fasdfasdf asdfadsfas", "reply": false, "updated": "2016-12-06T21:28:30.577Z", "timestamp": "2016-12-06T21:28:30.577Z", "liked": []}}, {"model": "tweets.tweet", "pk": 278, "fields": {"parent": null, "user": 7, "content": "#this is #awesome", "reply": false, "updated": "2016-12-06T21:30:09.750Z", "timestamp": "2016-12-06T21:30:09.750Z", "liked": [7]}}, {"model": "admin.logentry", "pk": 1, "fields": {"action_time": "2016-11-29T00:06:05.177Z", "user": 1, "content_type": 4, "object_id": "1", "object_repr": "cfe", "action_flag": 2, "change_message": "[{\"changed\": {\"fields\": [\"first_name\", \"last_name\", \"email\"]}}]"}}, {"model": "admin.logentry", "pk": 2, "fields": {"action_time": "2016-11-29T00:12:53.003Z", "user": 1, "content_type": 7, "object_id": "1", "object_repr": "Tweet object", "action_flag": 1, "change_message": "[{\"added\": {}}]"}}, {"model": "admin.logentry", "pk": 3, "fields": {"action_time": "2016-11-29T00:13:41.796Z", "user": 1, "content_type": 7, "object_id": "2", "object_repr": "2", "action_flag": 1, "change_message": "[{\"added\": {}}]"}}, {"model": "admin.logentry", "pk": 4, "fields": {"action_time": "2016-11-29T00:18:38.392Z", "user": 1, "content_type": 7, "object_id": "3", "object_repr": "Websites generally need to serve additional files such as images, JavaScript, or CSS. In Django, we refer to these files as \u201cstatic files\u201d.", "action_flag": 1, "change_message": "[{\"added\": {}}]"}}, {"model": "admin.logentry", "pk": 5, "fields": {"action_time": "2016-11-29T00:24:49.296Z", "user": 1, "content_type": 7, "object_id": "4", "object_repr": "as a user!", "action_flag": 1, "change_message": "[{\"added\": {}}]"}}, {"model": "admin.logentry", "pk": 6, "fields": {"action_time": "2016-11-29T23:31:09.888Z", "user": 1, "content_type": 7, "object_id": "5", "object_repr": "abc", "action_flag": 1, "change_message": "[{\"added\": {}}]"}}, {"model": "admin.logentry", "pk": 7, "fields": {"action_time": "2016-11-29T23:31:57.404Z", "user": 1, "content_type": 7, "object_id": "5", "object_repr": "abc", "action_flag": 2, "change_message": "[]"}}, {"model": "admin.logentry", "pk": 8, "fields": {"action_time": "2016-11-29T23:32:03.148Z", "user": 1, "content_type": 7, "object_id": "5", "object_repr": "abc", "action_flag": 2, "change_message": "[]"}}, {"model": "admin.logentry", "pk": 9, "fields": {"action_time": "2016-11-29T23:32:12.170Z", "user": 1, "content_type": 7, "object_id": "5", "object_repr": "abc", "action_flag": 2, "change_message": "[]"}}, {"model": "admin.logentry", "pk": 10, "fields": {"action_time": "2016-11-29T23:32:17.200Z", "user": 1, "content_type": 7, "object_id": "6", "object_repr": "abc", "action_flag": 1, "change_message": "[{\"added\": {}}]"}}, {"model": "admin.logentry", "pk": 11, "fields": {"action_time": "2016-11-30T00:07:45.620Z", "user": 1, "content_type": 4, "object_id": "2", "object_repr": "abc", "action_flag": 1, "change_message": "[{\"added\": {}}]"}}, {"model": "admin.logentry", "pk": 12, "fields": {"action_time": "2016-11-30T00:07:47.938Z", "user": 1, "content_type": 7, "object_id": "1", "object_repr": "This is the first tweet ever!", "action_flag": 2, "change_message": "[{\"changed\": {\"fields\": [\"user\"]}}]"}}, {"model": "admin.logentry", "pk": 13, "fields": {"action_time": "2016-12-01T00:14:39.021Z", "user": 1, "content_type": 7, "object_id": "40", "object_repr": "allitle better", "action_flag": 2, "change_message": "[{\"changed\": {\"fields\": [\"user\"]}}]"}}, {"model": "admin.logentry", "pk": 14, "fields": {"action_time": "2016-12-01T00:14:41.773Z", "user": 1, "content_type": 7, "object_id": "39", "object_repr": "new search", "action_flag": 2, "change_message": "[{\"changed\": {\"fields\": [\"user\"]}}]"}}, {"model": "admin.logentry", "pk": 15, "fields": {"action_time": "2016-12-01T01:43:01.618Z", "user": 1, "content_type": 8, "object_id": "1", "object_repr": "0", "action_flag": 1, "change_message": "[{\"added\": {}}]"}}, {"model": "admin.logentry", "pk": 16, "fields": {"action_time": "2016-12-01T01:43:03.611Z", "user": 1, "content_type": 8, "object_id": "1", "object_repr": "1", "action_flag": 2, "change_message": "[]"}}, {"model": "admin.logentry", "pk": 17, "fields": {"action_time": "2016-12-01T01:43:05.586Z", "user": 1, "content_type": 8, "object_id": "1", "object_repr": "0", "action_flag": 2, "change_message": "[]"}}, {"model": "admin.logentry", "pk": 18, "fields": {"action_time": "2016-12-01T01:44:45.148Z", "user": 1, "content_type": 8, "object_id": "1", "object_repr": "1", "action_flag": 2, "change_message": "[]"}}, {"model": "admin.logentry", "pk": 19, "fields": {"action_time": "2016-12-01T01:49:15.864Z", "user": 1, "content_type": 4, "object_id": "3", "object_repr": "john.doe", "action_flag": 1, "change_message": "[{\"added\": {}}]"}}, {"model": "admin.logentry", "pk": 20, "fields": {"action_time": "2016-12-01T01:49:20.166Z", "user": 1, "content_type": 8, "object_id": "2", "object_repr": "1", "action_flag": 1, "change_message": "[{\"added\": {}}]"}}, {"model": "admin.logentry", "pk": 21, "fields": {"action_time": "2016-12-01T01:49:30.993Z", "user": 1, "content_type": 8, "object_id": "2", "object_repr": "3", "action_flag": 2, "change_message": "[]"}}, {"model": "admin.logentry", "pk": 22, "fields": {"action_time": "2016-12-01T19:07:40.078Z", "user": 1, "content_type": 4, "object_id": "2", "object_repr": "abc", "action_flag": 2, "change_message": "[]"}}, {"model": "admin.logentry", "pk": 23, "fields": {"action_time": "2016-12-01T19:09:56.773Z", "user": 1, "content_type": 4, "object_id": "1", "object_repr": "cfe", "action_flag": 2, "change_message": "[]"}}, {"model": "admin.logentry", "pk": 24, "fields": {"action_time": "2016-12-01T19:12:16.226Z", "user": 1, "content_type": 4, "object_id": "4", "object_repr": "anothernew_user", "action_flag": 1, "change_message": "[{\"added\": {}}]"}}, {"model": "admin.logentry", "pk": 25, "fields": {"action_time": "2016-12-01T19:13:11.106Z", "user": 1, "content_type": 8, "object_id": "4", "object_repr": "0", "action_flag": 1, "change_message": "[{\"added\": {}}]"}}, {"model": "admin.logentry", "pk": 26, "fields": {"action_time": "2016-12-01T19:25:42.127Z", "user": 1, "content_type": 7, "object_id": "41", "object_repr": "dfasdfa dsf", "action_flag": 1, "change_message": "[{\"added\": {}}]"}}, {"model": "admin.logentry", "pk": 27, "fields": {"action_time": "2016-12-01T21:09:48.858Z", "user": 1, "content_type": 7, "object_id": "174", "object_repr": "new content !", "action_flag": 3, "change_message": ""}}, {"model": "admin.logentry", "pk": 28, "fields": {"action_time": "2016-12-01T21:09:48.860Z", "user": 1, "content_type": 7, "object_id": "173", "object_repr": "new content !", "action_flag": 3, "change_message": ""}}, {"model": "admin.logentry", "pk": 29, "fields": {"action_time": "2016-12-01T21:09:48.861Z", "user": 1, "content_type": 7, "object_id": "172", "object_repr": "new content !", "action_flag": 3, "change_message": ""}}, {"model": "admin.logentry", "pk": 30, "fields": {"action_time": "2016-12-01T21:09:48.863Z", "user": 1, "content_type": 7, "object_id": "171", "object_repr": "new content !", "action_flag": 3, "change_message": ""}}, {"model": "admin.logentry", "pk": 31, "fields": {"action_time": "2016-12-01T21:09:48.864Z", "user": 1, "content_type": 7, "object_id": "170", "object_repr": "new content !", "action_flag": 3, "change_message": ""}}, {"model": "admin.logentry", "pk": 32, "fields": {"action_time": "2016-12-01T21:09:48.865Z", "user": 1, "content_type": 7, "object_id": "169", "object_repr": "new content !", "action_flag": 3, "change_message": ""}}, {"model": "admin.logentry", "pk": 33, "fields": {"action_time": "2016-12-01T21:09:48.866Z", "user": 1, "content_type": 7, "object_id": "168", "object_repr": "new content !", "action_flag": 3, "change_message": ""}}, {"model": "admin.logentry", "pk": 34, "fields": {"action_time": "2016-12-01T21:09:48.867Z", "user": 1, "content_type": 7, "object_id": "167", "object_repr": "new content !", "action_flag": 3, "change_message": ""}}, {"model": "admin.logentry", "pk": 35, "fields": {"action_time": "2016-12-01T21:09:48.868Z", "user": 1, "content_type": 7, "object_id": "166", "object_repr": "new content !", "action_flag": 3, "change_message": ""}}, {"model": "admin.logentry", "pk": 36, "fields": {"action_time": "2016-12-01T21:09:48.869Z", "user": 1, "content_type": 7, "object_id": "165", "object_repr": "new content !", "action_flag": 3, "change_message": ""}}, {"model": "admin.logentry", "pk": 37, "fields": {"action_time": "2016-12-01T21:09:48.871Z", "user": 1, "content_type": 7, "object_id": "164", "object_repr": "new content !", "action_flag": 3, "change_message": ""}}, {"model": "admin.logentry", "pk": 38, "fields": {"action_time": "2016-12-01T21:09:48.872Z", "user": 1, "content_type": 7, "object_id": "163", "object_repr": "new content !", "action_flag": 3, "change_message": ""}}, {"model": "admin.logentry", "pk": 39, "fields": {"action_time": "2016-12-01T21:09:48.873Z", "user": 1, "content_type": 7, "object_id": "162", "object_repr": "new content !", "action_flag": 3, "change_message": ""}}, {"model": "admin.logentry", "pk": 40, "fields": {"action_time": "2016-12-01T21:09:48.874Z", "user": 1, "content_type": 7, "object_id": "161", "object_repr": "new content !", "action_flag": 3, "change_message": ""}}, {"model": "admin.logentry", "pk": 41, "fields": {"action_time": "2016-12-01T21:09:48.875Z", "user": 1, "content_type": 7, "object_id": "160", "object_repr": "new content !", "action_flag": 3, "change_message": ""}}, {"model": "admin.logentry", "pk": 42, "fields": {"action_time": "2016-12-01T21:09:48.877Z", "user": 1, "content_type": 7, "object_id": "159", "object_repr": "new content !", "action_flag": 3, "change_message": ""}}, {"model": "admin.logentry", "pk": 43, "fields": {"action_time": "2016-12-01T21:09:48.878Z", "user": 1, "content_type": 7, "object_id": "158", "object_repr": "new content !", "action_flag": 3, "change_message": ""}}, {"model": "admin.logentry", "pk": 44, "fields": {"action_time": "2016-12-01T21:09:48.879Z", "user": 1, "content_type": 7, "object_id": "157", "object_repr": "new content !", "action_flag": 3, "change_message": ""}}, {"model": "admin.logentry", "pk": 45, "fields": {"action_time": "2016-12-01T21:09:48.880Z", "user": 1, "content_type": 7, "object_id": "156", "object_repr": "new content !", "action_flag": 3, "change_message": ""}}, {"model": "admin.logentry", "pk": 46, "fields": {"action_time": "2016-12-01T21:09:48.881Z", "user": 1, "content_type": 7, "object_id": "155", "object_repr": "new content !", "action_flag": 3, "change_message": ""}}, {"model": "admin.logentry", "pk": 47, "fields": {"action_time": "2016-12-01T21:09:48.882Z", "user": 1, "content_type": 7, "object_id": "154", "object_repr": "new content !", "action_flag": 3, "change_message": ""}}, {"model": "admin.logentry", "pk": 48, "fields": {"action_time": "2016-12-01T21:09:48.883Z", "user": 1, "content_type": 7, "object_id": "153", "object_repr": "new content !", "action_flag": 3, "change_message": ""}}, {"model": "admin.logentry", "pk": 49, "fields": {"action_time": "2016-12-01T21:09:48.884Z", "user": 1, "content_type": 7, "object_id": "152", "object_repr": "new content !", "action_flag": 3, "change_message": ""}}, {"model": "admin.logentry", "pk": 50, "fields": {"action_time": "2016-12-01T21:09:48.885Z", "user": 1, "content_type": 7, "object_id": "151", "object_repr": "new content !", "action_flag": 3, "change_message": ""}}, {"model": "admin.logentry", "pk": 51, "fields": {"action_time": "2016-12-01T21:09:48.886Z", "user": 1, "content_type": 7, "object_id": "150", "object_repr": "new content !", "action_flag": 3, "change_message": ""}}, {"model": "admin.logentry", "pk": 52, "fields": {"action_time": "2016-12-01T21:09:48.887Z", "user": 1, "content_type": 7, "object_id": "149", "object_repr": "new content !", "action_flag": 3, "change_message": ""}}, {"model": "admin.logentry", "pk": 53, "fields": {"action_time": "2016-12-01T21:09:48.888Z", "user": 1, "content_type": 7, "object_id": "148", "object_repr": "new content !", "action_flag": 3, "change_message": ""}}, {"model": "admin.logentry", "pk": 54, "fields": {"action_time": "2016-12-01T21:09:48.890Z", "user": 1, "content_type": 7, "object_id": "147", "object_repr": "new content !", "action_flag": 3, "change_message": ""}}, {"model": "admin.logentry", "pk": 55, "fields": {"action_time": "2016-12-01T21:09:48.891Z", "user": 1, "content_type": 7, "object_id": "146", "object_repr": "new content !", "action_flag": 3, "change_message": ""}}, {"model": "admin.logentry", "pk": 56, "fields": {"action_time": "2016-12-01T21:09:48.892Z", "user": 1, "content_type": 7, "object_id": "145", "object_repr": "new content !", "action_flag": 3, "change_message": ""}}, {"model": "admin.logentry", "pk": 57, "fields": {"action_time": "2016-12-01T21:09:48.893Z", "user": 1, "content_type": 7, "object_id": "144", "object_repr": "new content !", "action_flag": 3, "change_message": ""}}, {"model": "admin.logentry", "pk": 58, "fields": {"action_time": "2016-12-01T21:09:48.894Z", "user": 1, "content_type": 7, "object_id": "143", "object_repr": "new content !", "action_flag": 3, "change_message": ""}}, {"model": "admin.logentry", "pk": 59, "fields": {"action_time": "2016-12-01T21:09:48.895Z", "user": 1, "content_type": 7, "object_id": "142", "object_repr": "new content !", "action_flag": 3, "change_message": ""}}, {"model": "admin.logentry", "pk": 60, "fields": {"action_time": "2016-12-01T21:09:48.897Z", "user": 1, "content_type": 7, "object_id": "141", "object_repr": "new content !", "action_flag": 3, "change_message": ""}}, {"model": "admin.logentry", "pk": 61, "fields": {"action_time": "2016-12-01T21:09:48.898Z", "user": 1, "content_type": 7, "object_id": "140", "object_repr": "new content !", "action_flag": 3, "change_message": ""}}, {"model": "admin.logentry", "pk": 62, "fields": {"action_time": "2016-12-01T21:09:48.899Z", "user": 1, "content_type": 7, "object_id": "139", "object_repr": "new content !", "action_flag": 3, "change_message": ""}}, {"model": "admin.logentry", "pk": 63, "fields": {"action_time": "2016-12-01T21:09:48.901Z", "user": 1, "content_type": 7, "object_id": "138", "object_repr": "new content !", "action_flag": 3, "change_message": ""}}, {"model": "admin.logentry", "pk": 64, "fields": {"action_time": "2016-12-01T21:09:48.902Z", "user": 1, "content_type": 7, "object_id": "137", "object_repr": "new content !", "action_flag": 3, "change_message": ""}}, {"model": "admin.logentry", "pk": 65, "fields": {"action_time": "2016-12-01T21:09:48.903Z", "user": 1, "content_type": 7, "object_id": "136", "object_repr": "new content !", "action_flag": 3, "change_message": ""}}, {"model": "admin.logentry", "pk": 66, "fields": {"action_time": "2016-12-01T21:09:48.904Z", "user": 1, "content_type": 7, "object_id": "135", "object_repr": "new content !", "action_flag": 3, "change_message": ""}}, {"model": "admin.logentry", "pk": 67, "fields": {"action_time": "2016-12-01T21:09:48.905Z", "user": 1, "content_type": 7, "object_id": "134", "object_repr": "new content !", "action_flag": 3, "change_message": ""}}, {"model": "admin.logentry", "pk": 68, "fields": {"action_time": "2016-12-01T21:09:48.906Z", "user": 1, "content_type": 7, "object_id": "133", "object_repr": "new content !", "action_flag": 3, "change_message": ""}}, {"model": "admin.logentry", "pk": 69, "fields": {"action_time": "2016-12-01T21:09:48.908Z", "user": 1, "content_type": 7, "object_id": "132", "object_repr": "new content !", "action_flag": 3, "change_message": ""}}, {"model": "admin.logentry", "pk": 70, "fields": {"action_time": "2016-12-01T21:09:48.909Z", "user": 1, "content_type": 7, "object_id": "131", "object_repr": "new content !", "action_flag": 3, "change_message": ""}}, {"model": "admin.logentry", "pk": 71, "fields": {"action_time": "2016-12-01T21:09:48.910Z", "user": 1, "content_type": 7, "object_id": "130", "object_repr": "new content !", "action_flag": 3, "change_message": ""}}, {"model": "admin.logentry", "pk": 72, "fields": {"action_time": "2016-12-01T21:09:48.911Z", "user": 1, "content_type": 7, "object_id": "129", "object_repr": "new content !", "action_flag": 3, "change_message": ""}}, {"model": "admin.logentry", "pk": 73, "fields": {"action_time": "2016-12-01T21:09:48.913Z", "user": 1, "content_type": 7, "object_id": "128", "object_repr": "new content !", "action_flag": 3, "change_message": ""}}, {"model": "admin.logentry", "pk": 74, "fields": {"action_time": "2016-12-01T21:09:48.914Z", "user": 1, "content_type": 7, "object_id": "127", "object_repr": "new content !", "action_flag": 3, "change_message": ""}}, {"model": "admin.logentry", "pk": 75, "fields": {"action_time": "2016-12-01T21:09:48.915Z", "user": 1, "content_type": 7, "object_id": "126", "object_repr": "new content !", "action_flag": 3, "change_message": ""}}, {"model": "admin.logentry", "pk": 76, "fields": {"action_time": "2016-12-01T21:09:48.916Z", "user": 1, "content_type": 7, "object_id": "125", "object_repr": "new content !", "action_flag": 3, "change_message": ""}}, {"model": "admin.logentry", "pk": 77, "fields": {"action_time": "2016-12-01T21:09:48.917Z", "user": 1, "content_type": 7, "object_id": "124", "object_repr": "new content !", "action_flag": 3, "change_message": ""}}, {"model": "admin.logentry", "pk": 78, "fields": {"action_time": "2016-12-01T21:09:48.918Z", "user": 1, "content_type": 7, "object_id": "123", "object_repr": "new content !", "action_flag": 3, "change_message": ""}}, {"model": "admin.logentry", "pk": 79, "fields": {"action_time": "2016-12-01T21:09:48.919Z", "user": 1, "content_type": 7, "object_id": "122", "object_repr": "new content !", "action_flag": 3, "change_message": ""}}, {"model": "admin.logentry", "pk": 80, "fields": {"action_time": "2016-12-01T21:09:48.920Z", "user": 1, "content_type": 7, "object_id": "121", "object_repr": "new content !", "action_flag": 3, "change_message": ""}}, {"model": "admin.logentry", "pk": 81, "fields": {"action_time": "2016-12-01T21:09:48.921Z", "user": 1, "content_type": 7, "object_id": "120", "object_repr": "new content !", "action_flag": 3, "change_message": ""}}, {"model": "admin.logentry", "pk": 82, "fields": {"action_time": "2016-12-01T21:09:48.922Z", "user": 1, "content_type": 7, "object_id": "119", "object_repr": "new content !", "action_flag": 3, "change_message": ""}}, {"model": "admin.logentry", "pk": 83, "fields": {"action_time": "2016-12-01T21:09:48.923Z", "user": 1, "content_type": 7, "object_id": "118", "object_repr": "new content !", "action_flag": 3, "change_message": ""}}, {"model": "admin.logentry", "pk": 84, "fields": {"action_time": "2016-12-01T21:09:48.924Z", "user": 1, "content_type": 7, "object_id": "117", "object_repr": "new content !", "action_flag": 3, "change_message": ""}}, {"model": "admin.logentry", "pk": 85, "fields": {"action_time": "2016-12-01T21:09:48.925Z", "user": 1, "content_type": 7, "object_id": "116", "object_repr": "new content !", "action_flag": 3, "change_message": ""}}, {"model": "admin.logentry", "pk": 86, "fields": {"action_time": "2016-12-01T21:09:48.926Z", "user": 1, "content_type": 7, "object_id": "115", "object_repr": "new content !", "action_flag": 3, "change_message": ""}}, {"model": "admin.logentry", "pk": 87, "fields": {"action_time": "2016-12-01T21:09:48.927Z", "user": 1, "content_type": 7, "object_id": "114", "object_repr": "new content !", "action_flag": 3, "change_message": ""}}, {"model": "admin.logentry", "pk": 88, "fields": {"action_time": "2016-12-01T21:09:48.928Z", "user": 1, "content_type": 7, "object_id": "113", "object_repr": "new content !", "action_flag": 3, "change_message": ""}}, {"model": "admin.logentry", "pk": 89, "fields": {"action_time": "2016-12-01T21:09:48.929Z", "user": 1, "content_type": 7, "object_id": "112", "object_repr": "new content !", "action_flag": 3, "change_message": ""}}, {"model": "admin.logentry", "pk": 90, "fields": {"action_time": "2016-12-01T21:09:48.930Z", "user": 1, "content_type": 7, "object_id": "111", "object_repr": "new content !", "action_flag": 3, "change_message": ""}}, {"model": "admin.logentry", "pk": 91, "fields": {"action_time": "2016-12-01T21:09:48.931Z", "user": 1, "content_type": 7, "object_id": "110", "object_repr": "new content !", "action_flag": 3, "change_message": ""}}, {"model": "admin.logentry", "pk": 92, "fields": {"action_time": "2016-12-01T21:09:48.932Z", "user": 1, "content_type": 7, "object_id": "109", "object_repr": "new content !", "action_flag": 3, "change_message": ""}}, {"model": "admin.logentry", "pk": 93, "fields": {"action_time": "2016-12-01T21:09:48.933Z", "user": 1, "content_type": 7, "object_id": "108", "object_repr": "new content !", "action_flag": 3, "change_message": ""}}, {"model": "admin.logentry", "pk": 94, "fields": {"action_time": "2016-12-01T21:09:48.934Z", "user": 1, "content_type": 7, "object_id": "107", "object_repr": "new content !", "action_flag": 3, "change_message": ""}}, {"model": "admin.logentry", "pk": 95, "fields": {"action_time": "2016-12-01T21:09:48.935Z", "user": 1, "content_type": 7, "object_id": "106", "object_repr": "new content !", "action_flag": 3, "change_message": ""}}, {"model": "admin.logentry", "pk": 96, "fields": {"action_time": "2016-12-01T21:09:48.936Z", "user": 1, "content_type": 7, "object_id": "105", "object_repr": "new content !", "action_flag": 3, "change_message": ""}}, {"model": "admin.logentry", "pk": 97, "fields": {"action_time": "2016-12-01T21:09:48.937Z", "user": 1, "content_type": 7, "object_id": "104", "object_repr": "new content !", "action_flag": 3, "change_message": ""}}, {"model": "admin.logentry", "pk": 98, "fields": {"action_time": "2016-12-01T21:09:48.938Z", "user": 1, "content_type": 7, "object_id": "103", "object_repr": "new content !", "action_flag": 3, "change_message": ""}}, {"model": "admin.logentry", "pk": 99, "fields": {"action_time": "2016-12-01T21:09:48.939Z", "user": 1, "content_type": 7, "object_id": "102", "object_repr": "new content !", "action_flag": 3, "change_message": ""}}, {"model": "admin.logentry", "pk": 100, "fields": {"action_time": "2016-12-01T21:09:48.940Z", "user": 1, "content_type": 7, "object_id": "101", "object_repr": "new content !", "action_flag": 3, "change_message": ""}}, {"model": "admin.logentry", "pk": 101, "fields": {"action_time": "2016-12-01T21:09:48.941Z", "user": 1, "content_type": 7, "object_id": "100", "object_repr": "new content !", "action_flag": 3, "change_message": ""}}, {"model": "admin.logentry", "pk": 102, "fields": {"action_time": "2016-12-01T21:09:48.942Z", "user": 1, "content_type": 7, "object_id": "99", "object_repr": "new content !", "action_flag": 3, "change_message": ""}}, {"model": "admin.logentry", "pk": 103, "fields": {"action_time": "2016-12-01T21:09:48.943Z", "user": 1, "content_type": 7, "object_id": "98", "object_repr": "new content !", "action_flag": 3, "change_message": ""}}, {"model": "admin.logentry", "pk": 104, "fields": {"action_time": "2016-12-01T21:09:48.944Z", "user": 1, "content_type": 7, "object_id": "97", "object_repr": "new content !", "action_flag": 3, "change_message": ""}}, {"model": "admin.logentry", "pk": 105, "fields": {"action_time": "2016-12-01T21:09:48.945Z", "user": 1, "content_type": 7, "object_id": "96", "object_repr": "new content !", "action_flag": 3, "change_message": ""}}, {"model": "admin.logentry", "pk": 106, "fields": {"action_time": "2016-12-01T21:09:48.947Z", "user": 1, "content_type": 7, "object_id": "95", "object_repr": "new content !", "action_flag": 3, "change_message": ""}}, {"model": "admin.logentry", "pk": 107, "fields": {"action_time": "2016-12-01T21:09:48.947Z", "user": 1, "content_type": 7, "object_id": "94", "object_repr": "new content !", "action_flag": 3, "change_message": ""}}, {"model": "admin.logentry", "pk": 108, "fields": {"action_time": "2016-12-01T21:09:48.948Z", "user": 1, "content_type": 7, "object_id": "93", "object_repr": "new content !", "action_flag": 3, "change_message": ""}}, {"model": "admin.logentry", "pk": 109, "fields": {"action_time": "2016-12-01T21:09:48.949Z", "user": 1, "content_type": 7, "object_id": "92", "object_repr": "new content !", "action_flag": 3, "change_message": ""}}, {"model": "admin.logentry", "pk": 110, "fields": {"action_time": "2016-12-01T21:09:48.950Z", "user": 1, "content_type": 7, "object_id": "91", "object_repr": "new content !", "action_flag": 3, "change_message": ""}}, {"model": "admin.logentry", "pk": 111, "fields": {"action_time": "2016-12-01T21:09:48.951Z", "user": 1, "content_type": 7, "object_id": "90", "object_repr": "new content !", "action_flag": 3, "change_message": ""}}, {"model": "admin.logentry", "pk": 112, "fields": {"action_time": "2016-12-01T21:09:48.952Z", "user": 1, "content_type": 7, "object_id": "89", "object_repr": "new content !", "action_flag": 3, "change_message": ""}}, {"model": "admin.logentry", "pk": 113, "fields": {"action_time": "2016-12-01T21:09:48.953Z", "user": 1, "content_type": 7, "object_id": "88", "object_repr": "new content !", "action_flag": 3, "change_message": ""}}, {"model": "admin.logentry", "pk": 114, "fields": {"action_time": "2016-12-01T21:09:48.954Z", "user": 1, "content_type": 7, "object_id": "87", "object_repr": "new content !", "action_flag": 3, "change_message": ""}}, {"model": "admin.logentry", "pk": 115, "fields": {"action_time": "2016-12-01T21:09:48.955Z", "user": 1, "content_type": 7, "object_id": "86", "object_repr": "new content !", "action_flag": 3, "change_message": ""}}, {"model": "admin.logentry", "pk": 116, "fields": {"action_time": "2016-12-01T21:09:48.956Z", "user": 1, "content_type": 7, "object_id": "85", "object_repr": "new content !", "action_flag": 3, "change_message": ""}}, {"model": "admin.logentry", "pk": 117, "fields": {"action_time": "2016-12-01T21:09:48.957Z", "user": 1, "content_type": 7, "object_id": "84", "object_repr": "new content !", "action_flag": 3, "change_message": ""}}, {"model": "admin.logentry", "pk": 118, "fields": {"action_time": "2016-12-01T21:09:48.958Z", "user": 1, "content_type": 7, "object_id": "83", "object_repr": "new content !", "action_flag": 3, "change_message": ""}}, {"model": "admin.logentry", "pk": 119, "fields": {"action_time": "2016-12-01T21:09:48.959Z", "user": 1, "content_type": 7, "object_id": "82", "object_repr": "new content !", "action_flag": 3, "change_message": ""}}, {"model": "admin.logentry", "pk": 120, "fields": {"action_time": "2016-12-01T21:09:48.960Z", "user": 1, "content_type": 7, "object_id": "81", "object_repr": "new content !", "action_flag": 3, "change_message": ""}}, {"model": "admin.logentry", "pk": 121, "fields": {"action_time": "2016-12-01T21:09:48.961Z", "user": 1, "content_type": 7, "object_id": "80", "object_repr": "new content !", "action_flag": 3, "change_message": ""}}, {"model": "admin.logentry", "pk": 122, "fields": {"action_time": "2016-12-01T21:09:48.962Z", "user": 1, "content_type": 7, "object_id": "79", "object_repr": "new content !", "action_flag": 3, "change_message": ""}}, {"model": "admin.logentry", "pk": 123, "fields": {"action_time": "2016-12-01T21:09:48.963Z", "user": 1, "content_type": 7, "object_id": "78", "object_repr": "new content !", "action_flag": 3, "change_message": ""}}, {"model": "admin.logentry", "pk": 124, "fields": {"action_time": "2016-12-01T21:09:48.964Z", "user": 1, "content_type": 7, "object_id": "77", "object_repr": "new content !", "action_flag": 3, "change_message": ""}}, {"model": "admin.logentry", "pk": 125, "fields": {"action_time": "2016-12-01T21:09:48.966Z", "user": 1, "content_type": 7, "object_id": "76", "object_repr": "new content !", "action_flag": 3, "change_message": ""}}, {"model": "admin.logentry", "pk": 126, "fields": {"action_time": "2016-12-01T21:09:48.967Z", "user": 1, "content_type": 7, "object_id": "75", "object_repr": "new content !", "action_flag": 3, "change_message": ""}}, {"model": "admin.logentry", "pk": 127, "fields": {"action_time": "2016-12-01T21:10:00.701Z", "user": 1, "content_type": 7, "object_id": "74", "object_repr": "new content !", "action_flag": 3, "change_message": ""}}, {"model": "admin.logentry", "pk": 128, "fields": {"action_time": "2016-12-01T21:10:00.703Z", "user": 1, "content_type": 7, "object_id": "73", "object_repr": "new content !", "action_flag": 3, "change_message": ""}}, {"model": "admin.logentry", "pk": 129, "fields": {"action_time": "2016-12-01T21:10:00.704Z", "user": 1, "content_type": 7, "object_id": "72", "object_repr": "new content !", "action_flag": 3, "change_message": ""}}, {"model": "admin.logentry", "pk": 130, "fields": {"action_time": "2016-12-01T21:10:00.705Z", "user": 1, "content_type": 7, "object_id": "71", "object_repr": "new content !", "action_flag": 3, "change_message": ""}}, {"model": "admin.logentry", "pk": 131, "fields": {"action_time": "2016-12-01T21:10:00.707Z", "user": 1, "content_type": 7, "object_id": "70", "object_repr": "new content !", "action_flag": 3, "change_message": ""}}, {"model": "admin.logentry", "pk": 132, "fields": {"action_time": "2016-12-01T21:10:00.708Z", "user": 1, "content_type": 7, "object_id": "69", "object_repr": "new content !", "action_flag": 3, "change_message": ""}}, {"model": "admin.logentry", "pk": 133, "fields": {"action_time": "2016-12-01T21:10:00.709Z", "user": 1, "content_type": 7, "object_id": "68", "object_repr": "new content !", "action_flag": 3, "change_message": ""}}, {"model": "admin.logentry", "pk": 134, "fields": {"action_time": "2016-12-01T21:10:00.711Z", "user": 1, "content_type": 7, "object_id": "67", "object_repr": "new content !", "action_flag": 3, "change_message": ""}}, {"model": "admin.logentry", "pk": 135, "fields": {"action_time": "2016-12-01T21:10:00.712Z", "user": 1, "content_type": 7, "object_id": "66", "object_repr": "new content !", "action_flag": 3, "change_message": ""}}, {"model": "admin.logentry", "pk": 136, "fields": {"action_time": "2016-12-01T21:10:00.713Z", "user": 1, "content_type": 7, "object_id": "65", "object_repr": "new content !", "action_flag": 3, "change_message": ""}}, {"model": "admin.logentry", "pk": 137, "fields": {"action_time": "2016-12-01T21:10:00.714Z", "user": 1, "content_type": 7, "object_id": "64", "object_repr": "new content !", "action_flag": 3, "change_message": ""}}, {"model": "admin.logentry", "pk": 138, "fields": {"action_time": "2016-12-01T21:10:00.715Z", "user": 1, "content_type": 7, "object_id": "63", "object_repr": "new content !", "action_flag": 3, "change_message": ""}}, {"model": "admin.logentry", "pk": 139, "fields": {"action_time": "2016-12-01T21:10:00.716Z", "user": 1, "content_type": 7, "object_id": "62", "object_repr": "new content !", "action_flag": 3, "change_message": ""}}, {"model": "admin.logentry", "pk": 140, "fields": {"action_time": "2016-12-01T21:10:00.717Z", "user": 1, "content_type": 7, "object_id": "61", "object_repr": "new content !", "action_flag": 3, "change_message": ""}}, {"model": "admin.logentry", "pk": 141, "fields": {"action_time": "2016-12-01T21:10:00.718Z", "user": 1, "content_type": 7, "object_id": "60", "object_repr": "new content !", "action_flag": 3, "change_message": ""}}, {"model": "admin.logentry", "pk": 142, "fields": {"action_time": "2016-12-01T21:10:00.719Z", "user": 1, "content_type": 7, "object_id": "59", "object_repr": "new content !", "action_flag": 3, "change_message": ""}}, {"model": "admin.logentry", "pk": 143, "fields": {"action_time": "2016-12-01T21:10:00.720Z", "user": 1, "content_type": 7, "object_id": "58", "object_repr": "new content !", "action_flag": 3, "change_message": ""}}, {"model": "admin.logentry", "pk": 144, "fields": {"action_time": "2016-12-01T21:10:00.721Z", "user": 1, "content_type": 7, "object_id": "57", "object_repr": "new content !", "action_flag": 3, "change_message": ""}}, {"model": "admin.logentry", "pk": 145, "fields": {"action_time": "2016-12-01T21:10:00.723Z", "user": 1, "content_type": 7, "object_id": "56", "object_repr": "new content !", "action_flag": 3, "change_message": ""}}, {"model": "admin.logentry", "pk": 146, "fields": {"action_time": "2016-12-01T21:10:00.724Z", "user": 1, "content_type": 7, "object_id": "55", "object_repr": "new content !", "action_flag": 3, "change_message": ""}}, {"model": "admin.logentry", "pk": 147, "fields": {"action_time": "2016-12-01T21:10:00.725Z", "user": 1, "content_type": 7, "object_id": "54", "object_repr": "new content !", "action_flag": 3, "change_message": ""}}, {"model": "admin.logentry", "pk": 148, "fields": {"action_time": "2016-12-01T21:10:00.726Z", "user": 1, "content_type": 7, "object_id": "53", "object_repr": "new content !", "action_flag": 3, "change_message": ""}}, {"model": "admin.logentry", "pk": 149, "fields": {"action_time": "2016-12-01T21:10:00.727Z", "user": 1, "content_type": 7, "object_id": "52", "object_repr": "new content !", "action_flag": 3, "change_message": ""}}, {"model": "admin.logentry", "pk": 150, "fields": {"action_time": "2016-12-01T21:10:00.728Z", "user": 1, "content_type": 7, "object_id": "51", "object_repr": "new content !", "action_flag": 3, "change_message": ""}}, {"model": "admin.logentry", "pk": 151, "fields": {"action_time": "2016-12-01T21:10:00.729Z", "user": 1, "content_type": 7, "object_id": "50", "object_repr": "new content !", "action_flag": 3, "change_message": ""}}, {"model": "admin.logentry", "pk": 152, "fields": {"action_time": "2016-12-01T21:10:00.730Z", "user": 1, "content_type": 7, "object_id": "49", "object_repr": "new content !", "action_flag": 3, "change_message": ""}}, {"model": "admin.logentry", "pk": 153, "fields": {"action_time": "2016-12-01T21:10:00.731Z", "user": 1, "content_type": 7, "object_id": "48", "object_repr": "new content !", "action_flag": 3, "change_message": ""}}, {"model": "admin.logentry", "pk": 154, "fields": {"action_time": "2016-12-01T21:10:00.732Z", "user": 1, "content_type": 7, "object_id": "47", "object_repr": "#hashtag", "action_flag": 3, "change_message": ""}}, {"model": "admin.logentry", "pk": 155, "fields": {"action_time": "2016-12-01T21:10:00.733Z", "user": 1, "content_type": 7, "object_id": "46", "object_repr": "#yet another", "action_flag": 3, "change_message": ""}}, {"model": "admin.logentry", "pk": 156, "fields": {"action_time": "2016-12-01T21:10:00.734Z", "user": 1, "content_type": 7, "object_id": "45", "object_repr": "#another tag", "action_flag": 3, "change_message": ""}}, {"model": "admin.logentry", "pk": 157, "fields": {"action_time": "2016-12-01T21:10:00.735Z", "user": 1, "content_type": 7, "object_id": "44", "object_repr": "#anytime a new #hashtag is #created", "action_flag": 3, "change_message": ""}}, {"model": "admin.logentry", "pk": 158, "fields": {"action_time": "2016-12-01T21:10:00.736Z", "user": 1, "content_type": 7, "object_id": "43", "object_repr": "#hashtag something", "action_flag": 3, "change_message": ""}}, {"model": "admin.logentry", "pk": 159, "fields": {"action_time": "2016-12-01T21:10:00.737Z", "user": 1, "content_type": 7, "object_id": "42", "object_repr": "new tweet", "action_flag": 3, "change_message": ""}}, {"model": "admin.logentry", "pk": 160, "fields": {"action_time": "2016-12-01T21:10:00.738Z", "user": 1, "content_type": 7, "object_id": "41", "object_repr": "dfasdfa dsf", "action_flag": 3, "change_message": ""}}, {"model": "admin.logentry", "pk": 161, "fields": {"action_time": "2016-12-01T21:10:00.739Z", "user": 1, "content_type": 7, "object_id": "40", "object_repr": "allitle better", "action_flag": 3, "change_message": ""}}, {"model": "admin.logentry", "pk": 162, "fields": {"action_time": "2016-12-01T21:10:00.740Z", "user": 1, "content_type": 7, "object_id": "39", "object_repr": "new search", "action_flag": 3, "change_message": ""}}, {"model": "admin.logentry", "pk": 163, "fields": {"action_time": "2016-12-01T21:10:00.742Z", "user": 1, "content_type": 7, "object_id": "38", "object_repr": "adfasdfasdfaasd asdf asd", "action_flag": 3, "change_message": ""}}, {"model": "admin.logentry", "pk": 164, "fields": {"action_time": "2016-12-01T21:10:00.743Z", "user": 1, "content_type": 7, "object_id": "37", "object_repr": "Another post here!", "action_flag": 3, "change_message": ""}}, {"model": "admin.logentry", "pk": 165, "fields": {"action_time": "2016-12-01T21:10:00.744Z", "user": 1, "content_type": 7, "object_id": "36", "object_repr": "antoher time!@#!@", "action_flag": 3, "change_message": ""}}, {"model": "admin.logentry", "pk": 166, "fields": {"action_time": "2016-12-01T21:10:00.745Z", "user": 1, "content_type": 7, "object_id": "35", "object_repr": "yet another post", "action_flag": 3, "change_message": ""}}, {"model": "admin.logentry", "pk": 167, "fields": {"action_time": "2016-12-01T21:10:00.745Z", "user": 1, "content_type": 7, "object_id": "34", "object_repr": "new item!", "action_flag": 3, "change_message": ""}}, {"model": "admin.logentry", "pk": 168, "fields": {"action_time": "2016-12-01T21:10:00.746Z", "user": 1, "content_type": 7, "object_id": "33", "object_repr": "another new item again #@#", "action_flag": 3, "change_message": ""}}, {"model": "admin.logentry", "pk": 169, "fields": {"action_time": "2016-12-01T21:10:00.747Z", "user": 1, "content_type": 7, "object_id": "32", "object_repr": "another new item!", "action_flag": 3, "change_message": ""}}, {"model": "admin.logentry", "pk": 170, "fields": {"action_time": "2016-12-01T21:10:00.749Z", "user": 1, "content_type": 7, "object_id": "31", "object_repr": "Another new tweet", "action_flag": 3, "change_message": ""}}, {"model": "admin.logentry", "pk": 171, "fields": {"action_time": "2016-12-01T21:10:00.749Z", "user": 1, "content_type": 7, "object_id": "30", "object_repr": "another new tweet", "action_flag": 3, "change_message": ""}}, {"model": "admin.logentry", "pk": 172, "fields": {"action_time": "2016-12-01T21:10:00.750Z", "user": 1, "content_type": 7, "object_id": "29", "object_repr": "asdfads", "action_flag": 3, "change_message": ""}}, {"model": "admin.logentry", "pk": 173, "fields": {"action_time": "2016-12-01T21:10:00.751Z", "user": 1, "content_type": 7, "object_id": "28", "object_repr": "New item!", "action_flag": 3, "change_message": ""}}, {"model": "admin.logentry", "pk": 174, "fields": {"action_time": "2016-12-01T21:10:00.752Z", "user": 1, "content_type": 7, "object_id": "27", "object_repr": "New tweet", "action_flag": 3, "change_message": ""}}, {"model": "admin.logentry", "pk": 175, "fields": {"action_time": "2016-12-01T21:10:00.754Z", "user": 1, "content_type": 7, "object_id": "26", "object_repr": "Another new post", "action_flag": 3, "change_message": ""}}, {"model": "admin.logentry", "pk": 176, "fields": {"action_time": "2016-12-01T21:10:00.755Z", "user": 1, "content_type": 7, "object_id": "25", "object_repr": "New post!", "action_flag": 3, "change_message": ""}}, {"model": "admin.logentry", "pk": 177, "fields": {"action_time": "2016-12-01T21:10:00.756Z", "user": 1, "content_type": 7, "object_id": "24", "object_repr": "New post!", "action_flag": 3, "change_message": ""}}, {"model": "admin.logentry", "pk": 178, "fields": {"action_time": "2016-12-01T21:10:00.757Z", "user": 1, "content_type": 7, "object_id": "23", "object_repr": "New post!", "action_flag": 3, "change_message": ""}}, {"model": "admin.logentry", "pk": 179, "fields": {"action_time": "2016-12-01T21:10:00.758Z", "user": 1, "content_type": 7, "object_id": "22", "object_repr": "Yet another awesome new message", "action_flag": 3, "change_message": ""}}, {"model": "admin.logentry", "pk": 180, "fields": {"action_time": "2016-12-01T21:10:00.759Z", "user": 1, "content_type": 7, "object_id": "21", "object_repr": "new contentasdfas d", "action_flag": 3, "change_message": ""}}, {"model": "admin.logentry", "pk": 181, "fields": {"action_time": "2016-12-01T21:10:00.760Z", "user": 1, "content_type": 7, "object_id": "20", "object_repr": "new content!", "action_flag": 3, "change_message": ""}}, {"model": "admin.logentry", "pk": 182, "fields": {"action_time": "2016-12-01T21:10:00.761Z", "user": 1, "content_type": 7, "object_id": "19", "object_repr": "new item", "action_flag": 3, "change_message": ""}}, {"model": "admin.logentry", "pk": 183, "fields": {"action_time": "2016-12-01T21:10:00.762Z", "user": 1, "content_type": 7, "object_id": "18", "object_repr": "new tweet", "action_flag": 3, "change_message": ""}}, {"model": "admin.logentry", "pk": 184, "fields": {"action_time": "2016-12-01T21:10:00.763Z", "user": 1, "content_type": 7, "object_id": "17", "object_repr": "", "action_flag": 3, "change_message": ""}}, {"model": "admin.logentry", "pk": 185, "fields": {"action_time": "2016-12-01T21:10:00.764Z", "user": 1, "content_type": 7, "object_id": "16", "object_repr": "asdfas", "action_flag": 3, "change_message": ""}}, {"model": "admin.logentry", "pk": 186, "fields": {"action_time": "2016-12-01T21:10:00.766Z", "user": 1, "content_type": 7, "object_id": "15", "object_repr": "New tweet!", "action_flag": 3, "change_message": ""}}, {"model": "admin.logentry", "pk": 187, "fields": {"action_time": "2016-12-01T21:10:00.767Z", "user": 1, "content_type": 7, "object_id": "14", "object_repr": "New tweet!", "action_flag": 3, "change_message": ""}}, {"model": "admin.logentry", "pk": 188, "fields": {"action_time": "2016-12-01T21:10:00.768Z", "user": 1, "content_type": 7, "object_id": "13", "object_repr": "New tweet!", "action_flag": 3, "change_message": ""}}, {"model": "admin.logentry", "pk": 189, "fields": {"action_time": "2016-12-01T21:10:00.769Z", "user": 1, "content_type": 7, "object_id": "12", "object_repr": "asdfads", "action_flag": 3, "change_message": ""}}, {"model": "admin.logentry", "pk": 190, "fields": {"action_time": "2016-12-01T21:10:00.770Z", "user": 1, "content_type": 7, "object_id": "11", "object_repr": "new content !", "action_flag": 3, "change_message": ""}}, {"model": "admin.logentry", "pk": 191, "fields": {"action_time": "2016-12-01T21:10:00.771Z", "user": 1, "content_type": 7, "object_id": "10", "object_repr": "new item here", "action_flag": 3, "change_message": ""}}, {"model": "admin.logentry", "pk": 192, "fields": {"action_time": "2016-12-01T21:10:00.772Z", "user": 1, "content_type": 7, "object_id": "9", "object_repr": "asdfad", "action_flag": 3, "change_message": ""}}, {"model": "admin.logentry", "pk": 193, "fields": {"action_time": "2016-12-01T21:10:00.774Z", "user": 1, "content_type": 7, "object_id": "8", "object_repr": "new item", "action_flag": 3, "change_message": ""}}, {"model": "admin.logentry", "pk": 194, "fields": {"action_time": "2016-12-01T21:10:00.775Z", "user": 1, "content_type": 7, "object_id": "7", "object_repr": "new item", "action_flag": 3, "change_message": ""}}, {"model": "admin.logentry", "pk": 195, "fields": {"action_time": "2016-12-01T21:10:00.776Z", "user": 1, "content_type": 7, "object_id": "6", "object_repr": "abc", "action_flag": 3, "change_message": ""}}, {"model": "admin.logentry", "pk": 196, "fields": {"action_time": "2016-12-01T21:10:00.777Z", "user": 1, "content_type": 7, "object_id": "5", "object_repr": "abc", "action_flag": 3, "change_message": ""}}, {"model": "admin.logentry", "pk": 197, "fields": {"action_time": "2016-12-01T21:10:00.778Z", "user": 1, "content_type": 7, "object_id": "4", "object_repr": "as a user!", "action_flag": 3, "change_message": ""}}, {"model": "admin.logentry", "pk": 198, "fields": {"action_time": "2016-12-01T21:10:00.779Z", "user": 1, "content_type": 7, "object_id": "3", "object_repr": "Websites generally need to serve additional files such as images, JavaScript, or CSS. In Django, we refer to these files as \u201cstatic files\u201d.", "action_flag": 3, "change_message": ""}}, {"model": "admin.logentry", "pk": 199, "fields": {"action_time": "2016-12-01T21:12:21.348Z", "user": 1, "content_type": 7, "object_id": "176", "object_repr": "Another tweet!", "action_flag": 2, "change_message": "[{\"changed\": {\"fields\": [\"parent\", \"user\", \"content\"]}}]"}}, {"model": "admin.logentry", "pk": 200, "fields": {"action_time": "2016-12-01T22:41:33.529Z", "user": 1, "content_type": 7, "object_id": "221", "object_repr": "@some @something @somethingasd", "action_flag": 3, "change_message": ""}}, {"model": "admin.logentry", "pk": 201, "fields": {"action_time": "2016-12-01T22:41:33.531Z", "user": 1, "content_type": 7, "object_id": "220", "object_repr": "@some @something @somethingasd", "action_flag": 3, "change_message": ""}}, {"model": "admin.logentry", "pk": 202, "fields": {"action_time": "2016-12-01T22:41:33.532Z", "user": 1, "content_type": 7, "object_id": "219", "object_repr": "@some @something @somethingasd", "action_flag": 3, "change_message": ""}}, {"model": "admin.logentry", "pk": 203, "fields": {"action_time": "2016-12-02T00:11:32.235Z", "user": 1, "content_type": 7, "object_id": "232", "object_repr": "a new tweet!", "action_flag": 1, "change_message": "[{\"added\": {}}]"}}, {"model": "admin.logentry", "pk": 204, "fields": {"action_time": "2016-12-02T20:19:07.258Z", "user": 1, "content_type": 7, "object_id": "235", "object_repr": "@cfe hello!", "action_flag": 1, "change_message": "[{\"added\": {}}]"}}, {"model": "admin.logentry", "pk": 205, "fields": {"action_time": "2016-12-02T21:26:00.771Z", "user": 1, "content_type": 7, "object_id": "242", "object_repr": "@cfe make some replies happen buddy!", "action_flag": 2, "change_message": "[{\"changed\": {\"fields\": [\"reply\"]}}]"}}, {"model": "admin.logentry", "pk": 206, "fields": {"action_time": "2016-12-02T22:30:02.474Z", "user": 1, "content_type": 7, "object_id": "247", "object_repr": "@cfe yet another one", "action_flag": 3, "change_message": ""}}, {"model": "admin.logentry", "pk": 207, "fields": {"action_time": "2016-12-02T22:30:02.476Z", "user": 1, "content_type": 7, "object_id": "246", "object_repr": "@cfe another reply!", "action_flag": 3, "change_message": ""}}, {"model": "admin.logentry", "pk": 208, "fields": {"action_time": "2016-12-02T22:30:02.477Z", "user": 1, "content_type": 7, "object_id": "245", "object_repr": "asfdasdf aasfdasdf aasfdasdf aasfdasdf aasfdasdf aasfdasdf aasfdasdf aasfdasdf aasfdasdf aasfdasdf aasfdasdf aasfdasdf aasfdasdf aasfdasdf a", "action_flag": 3, "change_message": ""}}, {"model": "admin.logentry", "pk": 209, "fields": {"action_time": "2016-12-02T22:30:02.478Z", "user": 1, "content_type": 7, "object_id": "244", "object_repr": "@cfe Another reply!", "action_flag": 3, "change_message": ""}}, {"model": "admin.logentry", "pk": 210, "fields": {"action_time": "2016-12-02T22:30:02.480Z", "user": 1, "content_type": 7, "object_id": "243", "object_repr": "@cfe another reply!", "action_flag": 3, "change_message": ""}}, {"model": "admin.logentry", "pk": 211, "fields": {"action_time": "2016-12-02T22:30:02.481Z", "user": 1, "content_type": 7, "object_id": "242", "object_repr": "@cfe make some replies happen buddy!", "action_flag": 3, "change_message": ""}}, {"model": "admin.logentry", "pk": 212, "fields": {"action_time": "2016-12-02T22:30:02.482Z", "user": 1, "content_type": 7, "object_id": "241", "object_repr": "@cfe hello there!", "action_flag": 3, "change_message": ""}}, {"model": "admin.logentry", "pk": 213, "fields": {"action_time": "2016-12-02T22:30:02.483Z", "user": 1, "content_type": 7, "object_id": "240", "object_repr": "@cfe this is a new tweet not a reply", "action_flag": 3, "change_message": ""}}, {"model": "admin.logentry", "pk": 214, "fields": {"action_time": "2016-12-02T22:30:02.484Z", "user": 1, "content_type": 7, "object_id": "239", "object_repr": "@cfe asdfasdfsda", "action_flag": 3, "change_message": ""}}, {"model": "admin.logentry", "pk": 215, "fields": {"action_time": "2016-12-02T22:30:02.485Z", "user": 1, "content_type": 7, "object_id": "238", "object_repr": "asdfasdfas", "action_flag": 3, "change_message": ""}}, {"model": "admin.logentry", "pk": 216, "fields": {"action_time": "2016-12-02T22:30:02.486Z", "user": 1, "content_type": 7, "object_id": "237", "object_repr": "@cfe new tweet buddy!", "action_flag": 3, "change_message": ""}}, {"model": "admin.logentry", "pk": 217, "fields": {"action_time": "2016-12-02T22:30:02.487Z", "user": 1, "content_type": 7, "object_id": "236", "object_repr": "aasdfasdfasd", "action_flag": 3, "change_message": ""}}, {"model": "admin.logentry", "pk": 218, "fields": {"action_time": "2016-12-02T22:30:02.488Z", "user": 1, "content_type": 7, "object_id": "235", "object_repr": "@cfe hello!", "action_flag": 3, "change_message": ""}}, {"model": "admin.logentry", "pk": 219, "fields": {"action_time": "2016-12-02T22:30:02.489Z", "user": 1, "content_type": 7, "object_id": "234", "object_repr": "@abc what's up??", "action_flag": 3, "change_message": ""}}, {"model": "admin.logentry", "pk": 220, "fields": {"action_time": "2016-12-02T22:30:02.490Z", "user": 1, "content_type": 7, "object_id": "233", "object_repr": "a new tweet!", "action_flag": 3, "change_message": ""}}, {"model": "admin.logentry", "pk": 221, "fields": {"action_time": "2016-12-02T22:30:02.491Z", "user": 1, "content_type": 7, "object_id": "232", "object_repr": "a new tweet!", "action_flag": 3, "change_message": ""}}, {"model": "admin.logentry", "pk": 222, "fields": {"action_time": "2016-12-02T22:30:02.492Z", "user": 1, "content_type": 7, "object_id": "231", "object_repr": "another wasdfasd", "action_flag": 3, "change_message": ""}}, {"model": "admin.logentry", "pk": 223, "fields": {"action_time": "2016-12-02T22:30:02.493Z", "user": 1, "content_type": 7, "object_id": "230", "object_repr": "another wasdfasd", "action_flag": 3, "change_message": ""}}, {"model": "admin.logentry", "pk": 224, "fields": {"action_time": "2016-12-02T22:30:02.494Z", "user": 1, "content_type": 7, "object_id": "229", "object_repr": "#another #new #set #of #hashtags", "action_flag": 3, "change_message": ""}}, {"model": "admin.logentry", "pk": 225, "fields": {"action_time": "2016-12-02T22:30:02.495Z", "user": 1, "content_type": 7, "object_id": "228", "object_repr": "Another tweet!", "action_flag": 3, "change_message": ""}}, {"model": "admin.logentry", "pk": 226, "fields": {"action_time": "2016-12-02T22:30:02.496Z", "user": 1, "content_type": 7, "object_id": "227", "object_repr": "#another #new #set #of #hashtags", "action_flag": 3, "change_message": ""}}, {"model": "admin.logentry", "pk": 227, "fields": {"action_time": "2016-12-02T22:30:02.497Z", "user": 1, "content_type": 7, "object_id": "226", "object_repr": "@jmitchel3 hi there man #this #is #awesome!", "action_flag": 3, "change_message": ""}}, {"model": "admin.logentry", "pk": 228, "fields": {"action_time": "2016-12-02T22:30:02.498Z", "user": 1, "content_type": 7, "object_id": "225", "object_repr": "@jmitchel3 hi there man #this #is #awesome!", "action_flag": 3, "change_message": ""}}, {"model": "admin.logentry", "pk": 229, "fields": {"action_time": "2016-12-02T22:30:02.499Z", "user": 1, "content_type": 7, "object_id": "224", "object_repr": "@jmitchel3 hi there man #this #is #awesome!", "action_flag": 3, "change_message": ""}}, {"model": "admin.logentry", "pk": 230, "fields": {"action_time": "2016-12-02T22:30:02.500Z", "user": 1, "content_type": 7, "object_id": "223", "object_repr": "@jmitchel3 hi there man #this #is #awesome!", "action_flag": 3, "change_message": ""}}, {"model": "admin.logentry", "pk": 231, "fields": {"action_time": "2016-12-02T22:30:02.501Z", "user": 1, "content_type": 7, "object_id": "222", "object_repr": "@jmitchel3 hi there man #this #is #awesome!", "action_flag": 3, "change_message": ""}}, {"model": "admin.logentry", "pk": 232, "fields": {"action_time": "2016-12-02T22:30:02.502Z", "user": 1, "content_type": 7, "object_id": "218", "object_repr": "hello there @jmust @cfe", "action_flag": 3, "change_message": ""}}, {"model": "admin.logentry", "pk": 233, "fields": {"action_time": "2016-12-02T22:30:02.503Z", "user": 1, "content_type": 7, "object_id": "217", "object_repr": "hello there @justin", "action_flag": 3, "change_message": ""}}, {"model": "admin.logentry", "pk": 234, "fields": {"action_time": "2016-12-02T22:30:02.504Z", "user": 1, "content_type": 7, "object_id": "216", "object_repr": "Another type here @user", "action_flag": 3, "change_message": ""}}, {"model": "admin.logentry", "pk": 235, "fields": {"action_time": "2016-12-02T22:30:02.505Z", "user": 1, "content_type": 7, "object_id": "215", "object_repr": "@cfe #hello this is a cool one don't you think @user", "action_flag": 3, "change_message": ""}}, {"model": "admin.logentry", "pk": 236, "fields": {"action_time": "2016-12-02T22:30:02.506Z", "user": 1, "content_type": 7, "object_id": "214", "object_repr": "@cfe #hello @user", "action_flag": 3, "change_message": ""}}, {"model": "admin.logentry", "pk": 237, "fields": {"action_time": "2016-12-02T22:30:02.507Z", "user": 1, "content_type": 7, "object_id": "213", "object_repr": "@jmitchel3 tweet #hashtag", "action_flag": 3, "change_message": ""}}, {"model": "admin.logentry", "pk": 238, "fields": {"action_time": "2016-12-02T22:30:02.508Z", "user": 1, "content_type": 7, "object_id": "212", "object_repr": "another etsta", "action_flag": 3, "change_message": ""}}, {"model": "admin.logentry", "pk": 239, "fields": {"action_time": "2016-12-02T22:30:02.509Z", "user": 1, "content_type": 7, "object_id": "211", "object_repr": "another etsta", "action_flag": 3, "change_message": ""}}, {"model": "admin.logentry", "pk": 240, "fields": {"action_time": "2016-12-02T22:30:02.511Z", "user": 1, "content_type": 7, "object_id": "210", "object_repr": "new tweet", "action_flag": 3, "change_message": ""}}, {"model": "admin.logentry", "pk": 241, "fields": {"action_time": "2016-12-02T22:30:02.512Z", "user": 1, "content_type": 7, "object_id": "209", "object_repr": "new tweet", "action_flag": 3, "change_message": ""}}, {"model": "admin.logentry", "pk": 242, "fields": {"action_time": "2016-12-02T22:30:02.513Z", "user": 1, "content_type": 7, "object_id": "208", "object_repr": "new item!ESDfa", "action_flag": 3, "change_message": ""}}, {"model": "admin.logentry", "pk": 243, "fields": {"action_time": "2016-12-02T22:30:02.514Z", "user": 1, "content_type": 7, "object_id": "207", "object_repr": "new item!ESDfa", "action_flag": 3, "change_message": ""}}, {"model": "admin.logentry", "pk": 244, "fields": {"action_time": "2016-12-02T22:30:02.515Z", "user": 1, "content_type": 7, "object_id": "206", "object_repr": "new item here!", "action_flag": 3, "change_message": ""}}, {"model": "admin.logentry", "pk": 245, "fields": {"action_time": "2016-12-02T22:30:02.521Z", "user": 1, "content_type": 7, "object_id": "205", "object_repr": "new item here!", "action_flag": 3, "change_message": ""}}, {"model": "admin.logentry", "pk": 246, "fields": {"action_time": "2016-12-02T22:30:02.522Z", "user": 1, "content_type": 7, "object_id": "204", "object_repr": "new tweet here!", "action_flag": 3, "change_message": ""}}, {"model": "admin.logentry", "pk": 247, "fields": {"action_time": "2016-12-02T22:30:02.523Z", "user": 1, "content_type": 7, "object_id": "203", "object_repr": "new tweet here!", "action_flag": 3, "change_message": ""}}, {"model": "admin.logentry", "pk": 248, "fields": {"action_time": "2016-12-02T22:30:02.523Z", "user": 1, "content_type": 7, "object_id": "202", "object_repr": "new object", "action_flag": 3, "change_message": ""}}, {"model": "admin.logentry", "pk": 249, "fields": {"action_time": "2016-12-02T22:30:02.524Z", "user": 1, "content_type": 7, "object_id": "201", "object_repr": "new #hash", "action_flag": 3, "change_message": ""}}, {"model": "admin.logentry", "pk": 250, "fields": {"action_time": "2016-12-02T22:30:02.525Z", "user": 1, "content_type": 7, "object_id": "200", "object_repr": "new #hash", "action_flag": 3, "change_message": ""}}, {"model": "admin.logentry", "pk": 251, "fields": {"action_time": "2016-12-02T22:30:02.526Z", "user": 1, "content_type": 7, "object_id": "199", "object_repr": "New tweet", "action_flag": 3, "change_message": ""}}, {"model": "admin.logentry", "pk": 252, "fields": {"action_time": "2016-12-02T22:30:02.527Z", "user": 1, "content_type": 7, "object_id": "198", "object_repr": "New tweet", "action_flag": 3, "change_message": ""}}, {"model": "admin.logentry", "pk": 253, "fields": {"action_time": "2016-12-02T22:30:02.528Z", "user": 1, "content_type": 7, "object_id": "197", "object_repr": "New tweet", "action_flag": 3, "change_message": ""}}, {"model": "admin.logentry", "pk": 254, "fields": {"action_time": "2016-12-02T22:30:02.529Z", "user": 1, "content_type": 7, "object_id": "196", "object_repr": "New tweet", "action_flag": 3, "change_message": ""}}, {"model": "admin.logentry", "pk": 255, "fields": {"action_time": "2016-12-02T22:30:02.530Z", "user": 1, "content_type": 7, "object_id": "195", "object_repr": "New twetasdfasdf", "action_flag": 3, "change_message": ""}}, {"model": "admin.logentry", "pk": 256, "fields": {"action_time": "2016-12-02T22:30:02.531Z", "user": 1, "content_type": 7, "object_id": "194", "object_repr": "nea #hashtag", "action_flag": 3, "change_message": ""}}, {"model": "admin.logentry", "pk": 257, "fields": {"action_time": "2016-12-02T22:30:02.532Z", "user": 1, "content_type": 7, "object_id": "193", "object_repr": "nea #hashtag", "action_flag": 3, "change_message": ""}}, {"model": "admin.logentry", "pk": 258, "fields": {"action_time": "2016-12-02T22:30:02.533Z", "user": 1, "content_type": 7, "object_id": "192", "object_repr": "nea #hashtag", "action_flag": 3, "change_message": ""}}, {"model": "admin.logentry", "pk": 259, "fields": {"action_time": "2016-12-02T22:30:02.534Z", "user": 1, "content_type": 7, "object_id": "191", "object_repr": "nea #hashtag", "action_flag": 3, "change_message": ""}}, {"model": "admin.logentry", "pk": 260, "fields": {"action_time": "2016-12-02T22:30:02.535Z", "user": 1, "content_type": 7, "object_id": "190", "object_repr": "nea #hashtag", "action_flag": 3, "change_message": ""}}, {"model": "admin.logentry", "pk": 261, "fields": {"action_time": "2016-12-02T22:30:02.536Z", "user": 1, "content_type": 7, "object_id": "189", "object_repr": "New twetasdfasdf", "action_flag": 3, "change_message": ""}}, {"model": "admin.logentry", "pk": 262, "fields": {"action_time": "2016-12-02T22:30:02.537Z", "user": 1, "content_type": 7, "object_id": "188", "object_repr": "new content", "action_flag": 3, "change_message": ""}}, {"model": "admin.logentry", "pk": 263, "fields": {"action_time": "2016-12-02T22:30:02.538Z", "user": 1, "content_type": 7, "object_id": "187", "object_repr": "Another tweet!", "action_flag": 3, "change_message": ""}}, {"model": "admin.logentry", "pk": 264, "fields": {"action_time": "2016-12-02T22:30:02.538Z", "user": 1, "content_type": 7, "object_id": "186", "object_repr": "Another tweet!", "action_flag": 3, "change_message": ""}}, {"model": "admin.logentry", "pk": 265, "fields": {"action_time": "2016-12-02T22:30:02.539Z", "user": 1, "content_type": 7, "object_id": "185", "object_repr": "Another tweet!", "action_flag": 3, "change_message": ""}}, {"model": "admin.logentry", "pk": 266, "fields": {"action_time": "2016-12-02T22:30:02.540Z", "user": 1, "content_type": 7, "object_id": "184", "object_repr": "New tweet!", "action_flag": 3, "change_message": ""}}, {"model": "admin.logentry", "pk": 267, "fields": {"action_time": "2016-12-02T22:30:02.541Z", "user": 1, "content_type": 7, "object_id": "183", "object_repr": "New tweet!", "action_flag": 3, "change_message": ""}}, {"model": "admin.logentry", "pk": 268, "fields": {"action_time": "2016-12-02T22:30:02.542Z", "user": 1, "content_type": 7, "object_id": "182", "object_repr": "New tweet!", "action_flag": 3, "change_message": ""}}, {"model": "admin.logentry", "pk": 269, "fields": {"action_time": "2016-12-02T22:30:02.543Z", "user": 1, "content_type": 7, "object_id": "181", "object_repr": "New tweet!", "action_flag": 3, "change_message": ""}}, {"model": "admin.logentry", "pk": 270, "fields": {"action_time": "2016-12-02T22:30:02.544Z", "user": 1, "content_type": 7, "object_id": "180", "object_repr": "New tweet!", "action_flag": 3, "change_message": ""}}, {"model": "admin.logentry", "pk": 271, "fields": {"action_time": "2016-12-02T22:30:02.545Z", "user": 1, "content_type": 7, "object_id": "179", "object_repr": "New tweet!", "action_flag": 3, "change_message": ""}}, {"model": "admin.logentry", "pk": 272, "fields": {"action_time": "2016-12-02T22:30:02.546Z", "user": 1, "content_type": 7, "object_id": "178", "object_repr": "New tweet!", "action_flag": 3, "change_message": ""}}, {"model": "admin.logentry", "pk": 273, "fields": {"action_time": "2016-12-02T22:30:02.547Z", "user": 1, "content_type": 7, "object_id": "177", "object_repr": "Another tweet!", "action_flag": 3, "change_message": ""}}, {"model": "admin.logentry", "pk": 274, "fields": {"action_time": "2016-12-02T22:30:02.548Z", "user": 1, "content_type": 7, "object_id": "176", "object_repr": "Another tweet!", "action_flag": 3, "change_message": ""}}, {"model": "admin.logentry", "pk": 275, "fields": {"action_time": "2016-12-02T22:30:02.549Z", "user": 1, "content_type": 7, "object_id": "175", "object_repr": "New tweet!", "action_flag": 3, "change_message": ""}}, {"model": "admin.logentry", "pk": 276, "fields": {"action_time": "2016-12-02T22:33:23.259Z", "user": 1, "content_type": 7, "object_id": "252", "object_repr": "@cfe bew reokt", "action_flag": 3, "change_message": ""}}, {"model": "admin.logentry", "pk": 277, "fields": {"action_time": "2016-12-02T22:33:23.261Z", "user": 1, "content_type": 7, "object_id": "251", "object_repr": "New tweet", "action_flag": 3, "change_message": ""}}, {"model": "admin.logentry", "pk": 278, "fields": {"action_time": "2016-12-02T22:33:23.262Z", "user": 1, "content_type": 7, "object_id": "250", "object_repr": "New tweet", "action_flag": 3, "change_message": ""}}, {"model": "admin.logentry", "pk": 279, "fields": {"action_time": "2016-12-02T22:33:23.262Z", "user": 1, "content_type": 7, "object_id": "249", "object_repr": "@cfe New reply!", "action_flag": 3, "change_message": ""}}, {"model": "admin.logentry", "pk": 280, "fields": {"action_time": "2016-12-02T22:33:23.263Z", "user": 1, "content_type": 7, "object_id": "248", "object_repr": "New tweet here", "action_flag": 3, "change_message": ""}}, {"model": "admin.logentry", "pk": 281, "fields": {"action_time": "2016-12-02T22:34:25.252Z", "user": 1, "content_type": 7, "object_id": "255", "object_repr": "@cfe yet another", "action_flag": 3, "change_message": ""}}, {"model": "admin.logentry", "pk": 282, "fields": {"action_time": "2016-12-02T22:34:25.253Z", "user": 1, "content_type": 7, "object_id": "254", "object_repr": "@cfe another reply!", "action_flag": 3, "change_message": ""}}, {"model": "admin.logentry", "pk": 283, "fields": {"action_time": "2016-12-02T22:34:25.255Z", "user": 1, "content_type": 7, "object_id": "253", "object_repr": "New tweet", "action_flag": 3, "change_message": ""}}, {"model": "admin.logentry", "pk": 284, "fields": {"action_time": "2016-12-02T23:32:18.255Z", "user": 1, "content_type": 7, "object_id": "265", "object_repr": "a tweet", "action_flag": 1, "change_message": "[{\"added\": {}}]"}}, {"model": "admin.logentry", "pk": 285, "fields": {"action_time": "2016-12-02T23:32:24.991Z", "user": 1, "content_type": 7, "object_id": "266", "object_repr": "asdfasdfsa stuff", "action_flag": 1, "change_message": "[{\"added\": {}}]"}}]